region_id,estimation_id,level_name,traffic,read_traffic,write_traffic,bandwidth,read_bandwidth,write_bandwidth,bandwidth_utilization,read_bandwidth_utilization,write_bandwidth_utilization,traffic_defined_time,traffic_defined_read_time,traffic_defined_write_time,bytes_ck,read_bytes_ck,write_bytes_ck
215,0,l3,66048.0,52992.0,13056.0,727246627.4081204,583488573.1530268,143758054.25509354,0.008417206335742134,0.006753339967048921,0.0016638663686932126,7.644444444444444e-07,6.133333333333333e-07,1.5111111111111112e-07,0.5387012054874966,0.4322137578911309,0.1064874475963656
215,0,gti,15023.0,15023.0,0.0,165416455.9646347,165416455.9646347,0.0,0.0009572711572027471,0.0019145423144054942,0.0,1.7387731481481482e-07,1.7387731481481482e-07,0.0,0.12253070812195162,0.12253070812195162,0.0
215,0,llc,15023.0,15023.0,0.0,165416455.9646347,165416455.9646347,0.0,0.0009572711572027471,0.0019145423144054942,0.0,1.7387731481481482e-07,1.7387731481481482e-07,0.0,0.12253070812195162,0.12253070812195162,0.0
215,0,dram,15023.0,15023.0,0.0,165416455.9646347,165416455.9646347,0.0,0.0034461761659298896,0.0034461761659298896,0.0,3.129791666666667e-07,3.129791666666667e-07,0.0,0.12253070812195162,0.12253070812195162,0.0
369,0,l3,61248.0,48896.0,12352.0,704335826.3625058,562291088.1305689,142044738.2319369,0.008152035027343817,0.006507998705214917,0.0016440363221288993,7.088888888888889e-07,5.659259259259259e-07,1.4296296296296296e-07,0.5217302417500043,0.4165119171337547,0.10521832461624955
369,0,gti,12975.0,12975.0,0.0,149209073.7175665,149209073.7175665,0.0,0.0008634784358655468,0.0017269568717310935,0.0,1.501736111111111e-07,1.501736111111111e-07,0.0,0.11052523979078999,0.11052523979078999,0.0
369,0,llc,12975.0,12975.0,0.0,149209073.7175665,149209073.7175665,0.0,0.0008634784358655468,0.0017269568717310935,0.0,1.501736111111111e-07,1.501736111111111e-07,0.0,0.11052523979078999,0.11052523979078999,0.0
369,0,dram,12975.0,12975.0,0.0,149209073.7175665,149209073.7175665,0.0,0.0031085223691159685,0.0031085223691159685,0.0,2.703125e-07,2.703125e-07,0.0,0.11052523979078999,0.11052523979078999,0.0
370,0,l3,59776.0,47488.0,12288.0,687162369.2905072,545904152.0487754,141258217.24173167,0.007953268163084573,0.006318335093157124,0.0016349330699274498,6.918518518518519e-07,5.496296296296297e-07,1.4222222222222222e-07,0.5090091624374127,0.40437344596205593,0.10463571647535679
370,0,gti,12975.0,12975.0,0.0,149155710.34435776,149155710.34435776,0.0,0.0008631696200483667,0.0017263392400967334,0.0,1.501736111111111e-07,1.501736111111111e-07,0.0,0.11048571136619095,0.11048571136619095,0.0
370,0,llc,12975.0,12975.0,0.0,149155710.34435776,149155710.34435776,0.0,0.0008631696200483667,0.0017263392400967334,0.0,1.501736111111111e-07,1.501736111111111e-07,0.0,0.11048571136619095,0.11048571136619095,0.0
370,0,dram,12975.0,12975.0,0.0,149155710.34435776,149155710.34435776,0.0,0.0031074106321741205,0.0031074106321741205,0.0,2.703125e-07,2.703125e-07,0.0,0.11048571136619095,0.11048571136619095,0.0
371,0,l3,59776.0,47488.0,12288.0,739978359.3449116,587862893.6123388,152115465.73257282,0.008564564344269809,0.006803968676068736,0.0017605956682010743,6.918518518518519e-07,5.496296296296297e-07,1.4222222222222222e-07,0.5481321180332679,0.43545399526839906,0.11267812276486877
371,0,gti,12975.0,12975.0,0.0,160619968.08920348,160619968.08920348,0.0,0.0009295137042199276,0.0018590274084398551,0.0,1.501736111111111e-07,1.501736111111111e-07,0.0,0.11897775414015073,0.11897775414015073,0.0
371,0,llc,12975.0,12975.0,0.0,160619968.08920348,160619968.08920348,0.0,0.0009295137042199276,0.0018590274084398551,0.0,1.501736111111111e-07,1.501736111111111e-07,0.0,0.11897775414015073,0.11897775414015073,0.0
371,0,dram,12975.0,12975.0,0.0,160619968.08920348,160619968.08920348,0.0,0.0033462493351917393,0.0033462493351917393,0.0,2.703125e-07,2.703125e-07,0.0,0.11897775414015073,0.11897775414015073,0.0
372,0,l3,59776.0,47488.0,12288.0,727844721.8414025,578223537.0517353,149621184.78966734,0.008424128725016234,0.006692402049209899,0.001731726675806335,6.918518518518519e-07,5.496296296296297e-07,1.4222222222222222e-07,0.539144238401039,0.42831373114943355,0.11083050725160544
372,0,gti,12975.0,12975.0,0.0,157986236.38069123,157986236.38069123,0.0,0.0009142722012771482,0.0018285444025542964,0.0,1.501736111111111e-07,1.501736111111111e-07,0.0,0.11702684176347498,0.11702684176347498,0.0
372,0,llc,12975.0,12975.0,0.0,157986236.38069123,157986236.38069123,0.0,0.0009142722012771482,0.0018285444025542964,0.0,1.501736111111111e-07,1.501736111111111e-07,0.0,0.11702684176347498,0.11702684176347498,0.0
372,0,dram,12975.0,12975.0,0.0,157986236.38069123,157986236.38069123,0.0,0.003291379924597734,0.003291379924597734,0.0,2.703125e-07,2.703125e-07,0.0,0.11702684176347498,0.11702684176347498,0.0
216,0,l3,57280.0,45120.0,12160.0,715933709.8416814,563947782.6127211,151985927.22896028,0.008286269789834275,0.006527173409869457,0.001759096379964818,6.62962962962963e-07,5.222222222222223e-07,1.4074074074074073e-07,0.5303212665493936,0.41773909823164523,0.11258216831774835
216,0,gti,12975.0,12975.0,0.0,162172484.02925655,162172484.02925655,0.0,0.000938498171465605,0.00187699634293121,0.0,1.501736111111111e-07,1.501736111111111e-07,0.0,0.12012776594759744,0.12012776594759744,0.0
216,0,llc,12975.0,12975.0,0.0,162172484.02925655,162172484.02925655,0.0,0.000938498171465605,0.00187699634293121,0.0,1.501736111111111e-07,1.501736111111111e-07,0.0,0.12012776594759744,0.12012776594759744,0.0
216,0,dram,12975.0,12975.0,0.0,162172484.02925655,162172484.02925655,0.0,0.003378593417276178,0.003378593417276178,0.0,2.703125e-07,2.703125e-07,0.0,0.12012776594759744,0.12012776594759744,0.0
224,0,l3,1408.0,1280.0,128.0,450682852.80728376,409711684.370258,40971168.43702579,0.0052162367223065245,0.004742033383915023,0.00047420333839150224,1.6296296296296295e-08,1.4814814814814814e-08,1.4814814814814814e-09,0.33383915022761756,0.30349013657056145,0.030349013657056143
224,0,gti,2048.0,2048.0,0.0,655538694.9924127,655538694.9924127,0.0,0.003793626707132018,0.007587253414264036,0.0,2.3703703703703703e-08,2.3703703703703703e-08,0.0,0.4855842185128983,0.4855842185128983,0.0
224,0,llc,2048.0,2048.0,0.0,655538694.9924127,655538694.9924127,0.0,0.003793626707132018,0.007587253414264036,0.0,2.3703703703703703e-08,2.3703703703703703e-08,0.0,0.4855842185128983,0.4855842185128983,0.0
224,0,dram,2048.0,2048.0,0.0,655538694.9924127,655538694.9924127,0.0,0.013657056145675264,0.013657056145675264,0.0,4.2666666666666665e-08,4.2666666666666665e-08,0.0,0.4855842185128983,0.4855842185128983,0.0
171,0,l3,2651442.0,2146662.0,504780.0,636702916.6123769,515487782.2637487,121215134.34862827,0.007369246720050658,0.005966293776200795,0.0014029529438498642,3.068798611111111e-05,2.4845625e-05,5.8423611111111115e-06,0.4716317900832422,0.3818428016768509,0.08978898840639131
171,0,gti,780564.0,780564.0,0.0,187440409.93641323,187440409.93641323,0.0,0.0010847245945394286,0.002169449189078857,0.0,9.034305555555555e-06,9.034305555555555e-06,0.0,0.13884474810104686,0.13884474810104686,0.0
171,0,llc,780564.0,780564.0,0.0,187440409.93641323,187440409.93641323,0.0,0.0010847245945394286,0.002169449189078857,0.0,9.034305555555555e-06,9.034305555555555e-06,0.0,0.13884474810104686,0.13884474810104686,0.0
171,0,dram,780564.0,780564.0,0.0,187440409.93641323,187440409.93641323,0.0,0.003905008540341943,0.003905008540341943,0.0,1.626175e-05,1.626175e-05,0.0,0.13884474810104686,0.13884474810104686,0.0
352,0,l3,2541632.0,2079104.0,462528.0,610333738.1528047,499264770.16674674,111068967.98605795,0.007064047895287092,0.005778527432485495,0.0012855204628015968,2.941703703703704e-05,2.4063703703703703e-05,5.3533333333333335e-06,0.4520990652983739,0.36982575567907167,0.0822733096193022
352,0,gti,720898.0,720898.0,0.0,173112539.96128497,173112539.96128497,0.0,0.0010018086803315102,0.0020036173606630204,0.0,8.343726851851852e-06,8.343726851851852e-06,0.0,0.1282315110824333,0.1282315110824333,0.0
352,0,llc,720898.0,720898.0,0.0,173112539.96128497,173112539.96128497,0.0,0.0010018086803315102,0.0020036173606630204,0.0,8.343726851851852e-06,8.343726851851852e-06,0.0,0.1282315110824333,0.1282315110824333,0.0
352,0,dram,720898.0,720898.0,0.0,173112539.96128497,173112539.96128497,0.0,0.003606511249193437,0.003606511249193437,0.0,1.5018708333333334e-05,1.5018708333333334e-05,0.0,0.1282315110824333,0.1282315110824333,0.0
353,0,l3,2539712.0,2077760.0,461952.0,609872679.7551872,498942029.2884145,110930650.4667727,0.007058711571240593,0.005774792005652946,0.001283919565587647,2.9394814814814816e-05,2.404814814814815e-05,5.346666666666667e-06,0.45175754055939793,0.36958668836178854,0.08217085219760942
353,0,gti,720215.0,720215.0,0.0,172948528.0417158,172948528.0417158,0.0,0.001000859537278448,0.002001719074556896,0.0,8.33582175925926e-06,8.33582175925926e-06,0.0,0.12811002077164135,0.12811002077164135,0.0
353,0,llc,720215.0,720215.0,0.0,172948528.0417158,172948528.0417158,0.0,0.001000859537278448,0.002001719074556896,0.0,8.33582175925926e-06,8.33582175925926e-06,0.0,0.12811002077164135,0.12811002077164135,0.0
353,0,dram,720215.0,720215.0,0.0,172948528.0417158,172948528.0417158,0.0,0.0036030943342024125,0.0036030943342024125,0.0,1.5004479166666666e-05,1.5004479166666666e-05,0.0,0.12811002077164135,0.12811002077164135,0.0
179,0,l3,2538560.0,2076608.0,461952.0,609596044.7166167,498665394.249844,110930650.4667727,0.007055509776812693,0.005771590211225047,0.001283919565587647,2.938148148148148e-05,2.4034814814814816e-05,5.346666666666667e-06,0.4515526257160124,0.36938177351840296,0.08217085219760942
179,0,gti,718849.0,718849.0,0.0,172620504.20257753,172620504.20257753,0.0,0.0009989612511723236,0.0019979225023446473,0.0,8.320011574074075e-06,8.320011574074075e-06,0.0,0.12786704015005743,0.12786704015005743,0.0
179,0,llc,718849.0,718849.0,0.0,172620504.20257753,172620504.20257753,0.0,0.0009989612511723236,0.0019979225023446473,0.0,8.320011574074075e-06,8.320011574074075e-06,0.0,0.12786704015005743,0.12786704015005743,0.0
179,0,dram,718849.0,718849.0,0.0,172620504.20257753,172620504.20257753,0.0,0.003596260504220365,0.003596260504220365,0.0,1.4976020833333333e-05,1.4976020833333333e-05,0.0,0.12786704015005743,0.12786704015005743,0.0
180,0,l3,2538048.0,2076096.0,461952.0,609473095.8105854,498542445.34381264,110930650.4667727,0.00705408675706696,0.005770167191479313,0.001283919565587647,2.9375555555555555e-05,2.4028888888888887e-05,5.346666666666667e-06,0.4514615524522855,0.3692907002546761,0.08217085219760942
180,0,gti,718166.0,718166.0,0.0,172456492.28300837,172456492.28300837,0.0,0.0009980121081192615,0.001996024216238523,0.0,8.312106481481482e-06,8.312106481481482e-06,0.0,0.12774554983926548,0.12774554983926548,0.0
180,0,llc,718166.0,718166.0,0.0,172456492.28300837,172456492.28300837,0.0,0.0009980121081192615,0.001996024216238523,0.0,8.312106481481482e-06,8.312106481481482e-06,0.0,0.12774554983926548,0.12774554983926548,0.0
180,0,dram,718166.0,718166.0,0.0,172456492.28300837,172456492.28300837,0.0,0.003592843589229341,0.003592843589229341,0.0,1.4961791666666666e-05,1.4961791666666666e-05,0.0,0.12774554983926548,0.12774554983926548,0.0
181,0,l3,2534720.0,2072896.0,461824.0,608673927.9213817,497774014.6811168,110899913.24026488,0.0070448371287196955,0.005761273318068482,0.0012835638106512138,2.9337037037037036e-05,2.3991851851851852e-05,5.345185185185185e-06,0.4508695762380605,0.36872149235638285,0.08214808388167769
181,0,gti,718166.0,718166.0,0.0,172456492.28300837,172456492.28300837,0.0,0.0009980121081192615,0.001996024216238523,0.0,8.312106481481482e-06,8.312106481481482e-06,0.0,0.12774554983926548,0.12774554983926548,0.0
181,0,llc,718166.0,718166.0,0.0,172456492.28300837,172456492.28300837,0.0,0.0009980121081192615,0.001996024216238523,0.0,8.312106481481482e-06,8.312106481481482e-06,0.0,0.12774554983926548,0.12774554983926548,0.0
181,0,dram,718166.0,718166.0,0.0,172456492.28300837,172456492.28300837,0.0,0.003592843589229341,0.003592843589229341,0.0,1.4961791666666666e-05,1.4961791666666666e-05,0.0,0.12774554983926548,0.12774554983926548,0.0
182,0,l3,2533184.0,2071424.0,461760.0,608305081.2032877,497420536.5762767,110884544.62701096,0.007040568069482496,0.005757182136299499,0.0012833859331829972,2.931925925925926e-05,2.3974814814814814e-05,5.344444444444445e-06,0.4505963564468798,0.36845965672316794,0.08213669972371182
182,0,gti,718166.0,718166.0,0.0,172456492.28300837,172456492.28300837,0.0,0.0009980121081192615,0.001996024216238523,0.0,8.312106481481482e-06,8.312106481481482e-06,0.0,0.12774554983926548,0.12774554983926548,0.0
182,0,llc,718166.0,718166.0,0.0,172456492.28300837,172456492.28300837,0.0,0.0009980121081192615,0.001996024216238523,0.0,8.312106481481482e-06,8.312106481481482e-06,0.0,0.12774554983926548,0.12774554983926548,0.0
182,0,dram,718166.0,718166.0,0.0,172456492.28300837,172456492.28300837,0.0,0.003592843589229341,0.003592843589229341,0.0,1.4961791666666666e-05,1.4961791666666666e-05,0.0,0.12774554983926548,0.12774554983926548,0.0
240,0,l3,910656.0,461632.0,449024.0,218679997.9899846,110853807.40050311,107826190.58948147,0.0025310184952544515,0.0012830301782465639,0.0012479883170078876,1.054e-05,5.3429629629629626e-06,5.197037037037037e-06,0.1619851836962849,0.08211393140778009,0.07987125228850481
240,0,gti,362497.0,362497.0,0.0,87048065.60476783,87048065.60476783,0.0,0.0005037503796572212,0.0010075007593144424,0.0,4.19556712962963e-06,4.19556712962963e-06,0.0,0.06448004859612431,0.06448004859612431,0.0
240,0,llc,362497.0,362497.0,0.0,87048065.60476783,87048065.60476783,0.0,0.0005037503796572212,0.0010075007593144424,0.0,4.19556712962963e-06,4.19556712962963e-06,0.0,0.06448004859612431,0.06448004859612431,0.0
240,0,dram,362497.0,362497.0,0.0,87048065.60476783,87048065.60476783,0.0,0.0018135013667659964,0.0018135013667659964,0.0,7.552020833333333e-06,7.552020833333333e-06,0.0,0.06448004859612431,0.06448004859612431,0.0
183,0,l3,909760.0,461056.0,448704.0,218464837.40442976,110715489.88121787,107749347.5232119,0.0025285282106994184,0.0012814292810326142,0.0012470989296668043,1.052962962962963e-05,5.3362962962962965e-06,5.193333333333333e-06,0.1618258054847628,0.08201147398608731,0.07981433149867548
183,0,gti,362497.0,362497.0,0.0,87048065.60476783,87048065.60476783,0.0,0.0005037503796572212,0.0010075007593144424,0.0,4.19556712962963e-06,4.19556712962963e-06,0.0,0.06448004859612431,0.06448004859612431,0.0
183,0,llc,362497.0,362497.0,0.0,87048065.60476783,87048065.60476783,0.0,0.0005037503796572212,0.0010075007593144424,0.0,4.19556712962963e-06,4.19556712962963e-06,0.0,0.06448004859612431,0.06448004859612431,0.0
183,0,dram,362497.0,362497.0,0.0,87048065.60476783,87048065.60476783,0.0,0.0018135013667659964,0.0018135013667659964,0.0,7.552020833333333e-06,7.552020833333333e-06,0.0,0.06448004859612431,0.06448004859612431,0.0
340,0,l3,108530.0,66470.0,42060.0,26061806.19449389,15961745.67168533,10100060.522808561,0.00030164127539923484,0.00018474242675561725,0.0001168988486436176,1.2561342592592592e-06,7.693287037037037e-07,4.868055555555555e-07,0.01930504162555103,0.011823515312359504,0.007481526313191526
340,0,gti,59666.0,59666.0,0.0,14327869.975128282,14327869.975128282,0.0,8.29159142079183e-05,0.0001658318284158366,0.0,6.905787037037037e-07,6.905787037037037e-07,0.0,0.010613237018613542,0.010613237018613542,0.0
340,0,llc,59666.0,59666.0,0.0,14327869.975128282,14327869.975128282,0.0,8.29159142079183e-05,0.0001658318284158366,0.0,6.905787037037037e-07,6.905787037037037e-07,0.0,0.010613237018613542,0.010613237018613542,0.0
340,0,dram,59666.0,59666.0,0.0,14327869.975128282,14327869.975128282,0.0,0.0002984972911485059,0.0002984972911485059,0.0,1.2430416666666668e-06,1.2430416666666668e-06,0.0,0.010613237018613542,0.010613237018613542,0.0
330,0,l3,74802.0,45094.0,29708.0,17962547.009679645,10828628.844877062,7133918.164802585,0.00020789984964906998,0.00012533135237126228,8.256849727780769e-05,8.657638888888889e-07,5.219212962962962e-07,3.438425925925926e-07,0.013305590377540479,0.008021206551760788,0.005284383825779692
330,0,gti,44647.0,44647.0,0.0,10721288.686681734,10721288.686681734,0.0,6.204449471459338e-05,0.00012408898942918676,0.0,5.167476851851852e-07,5.167476851851852e-07,0.0,0.007941695323467952,0.007941695323467952,0.0
330,0,llc,44647.0,44647.0,0.0,10721288.686681734,10721288.686681734,0.0,6.204449471459338e-05,0.00012408898942918676,0.0,5.167476851851852e-07,5.167476851851852e-07,0.0,0.007941695323467952,0.007941695323467952,0.0
330,0,dram,44647.0,44647.0,0.0,10721288.686681734,10721288.686681734,0.0,0.00022336018097253614,0.00022336018097253614,0.0,9.301458333333333e-07,9.301458333333333e-07,0.0,0.007941695323467952,0.007941695323467952,0.0
320,0,l3,72704.0,43840.0,28864.0,17458744.65644968,10527500.078933125,6931244.577516555,0.0002020688038940935,0.00012184606572839266,8.022273816570087e-05,8.414814814814814e-07,5.074074074074074e-07,3.3407407407407407e-07,0.012932403449221986,0.007798148206617131,0.005134255242604855
320,0,gti,43691.0,43691.0,0.0,10491720.02620135,10491720.02620135,0.0,6.07159723738504e-05,0.0001214319447477008,0.0,5.056828703703703e-07,5.056828703703703e-07,0.0,0.007771644463852852,0.007771644463852852,0.0
320,0,llc,43691.0,43691.0,0.0,10491720.02620135,10491720.02620135,0.0,6.07159723738504e-05,0.0001214319447477008,0.0,5.056828703703703e-07,5.056828703703703e-07,0.0,0.007771644463852852,0.007771644463852852,0.0
320,0,dram,43691.0,43691.0,0.0,10491720.02620135,10491720.02620135,0.0,0.00021857750054586148,0.00021857750054586148,0.0,9.102291666666667e-07,9.102291666666667e-07,0.0,0.007771644463852852,0.007771644463852852,0.0
160,0,l3,72512.0,43712.0,28800.0,17412638.81668793,10496762.852425292,6915875.964262637,0.00020153517148944363,0.0001214903107919594,8.004486069748424e-05,8.392592592592593e-07,5.059259259259259e-07,3.3333333333333335e-07,0.012898250975324392,0.007775379890685402,0.005122871084638991
160,0,gti,43691.0,43691.0,0.0,10491720.02620135,10491720.02620135,0.0,6.07159723738504e-05,0.0001214319447477008,0.0,5.056828703703703e-07,5.056828703703703e-07,0.0,0.007771644463852852,0.007771644463852852,0.0
160,0,llc,43691.0,43691.0,0.0,10491720.02620135,10491720.02620135,0.0,6.07159723738504e-05,0.0001214319447477008,0.0,5.056828703703703e-07,5.056828703703703e-07,0.0,0.007771644463852852,0.007771644463852852,0.0
160,0,dram,43691.0,43691.0,0.0,10491720.02620135,10491720.02620135,0.0,0.00021857750054586148,0.00021857750054586148,0.0,9.102291666666667e-07,9.102291666666667e-07,0.0,0.007771644463852852,0.007771644463852852,0.0
323,0,l3,67776.0,40960.0,26816.0,16275361.435898073,9835912.482506862,6439448.953391211,0.0001883722388414129,0.00011384157965864423,7.453065918276865e-05,7.844444444444445e-07,4.7407407407407405e-07,3.1037037037037036e-07,0.012055823285850425,0.0072858610981532314,0.004769962187697194
323,0,gti,42325.0,42325.0,0.0,10163696.18706306,10163696.18706306,0.0,5.8817686267726047e-05,0.00011763537253545209,0.0,4.898726851851852e-07,4.898726851851852e-07,0.0,0.007528663842268934,0.007528663842268934,0.0
323,0,llc,42325.0,42325.0,0.0,10163696.18706306,10163696.18706306,0.0,5.8817686267726047e-05,0.00011763537253545209,0.0,4.898726851851852e-07,4.898726851851852e-07,0.0,0.007528663842268934,0.007528663842268934,0.0
323,0,dram,42325.0,42325.0,0.0,10163696.18706306,10163696.18706306,0.0,0.00021174367056381375,0.00021174367056381375,0.0,8.817708333333333e-07,8.817708333333333e-07,0.0,0.007528663842268934,0.007528663842268934,0.0
324,0,l3,24384.0,14336.0,10048.0,5855441.649742367,3442569.3688774016,2412872.2808649647,6.777131539053664e-05,3.984455288052549e-05,2.7926762510011163e-05,2.822222222222222e-07,1.6592592592592593e-07,1.162962962962963e-07,0.004337364184994346,0.002550051384353631,0.0017873128006407146
324,0,gti,17748.0,17748.0,0.0,4261908.56297685,4261908.56297685,0.0,2.466382270241233e-05,4.932764540482466e-05,0.0,2.0541666666666668e-07,2.0541666666666668e-07,0.0,0.0031569693059087783,0.0031569693059087783,0.0
324,0,llc,17748.0,17748.0,0.0,4261908.56297685,4261908.56297685,0.0,2.466382270241233e-05,4.932764540482466e-05,0.0,2.0541666666666668e-07,2.0541666666666668e-07,0.0,0.0031569693059087783,0.0031569693059087783,0.0
324,0,dram,17748.0,17748.0,0.0,4261908.56297685,4261908.56297685,0.0,8.878976172868438e-05,8.878976172868438e-05,0.0,3.6975e-07,3.6975e-07,0.0,0.0031569693059087783,0.0031569693059087783,0.0
325,0,l3,24384.0,14336.0,10048.0,5855441.649742367,3442569.3688774016,2412872.2808649647,6.777131539053664e-05,3.984455288052549e-05,2.7926762510011163e-05,2.822222222222222e-07,1.6592592592592593e-07,1.162962962962963e-07,0.004337364184994346,0.002550051384353631,0.0017873128006407146
325,0,gti,17748.0,17748.0,0.0,4261908.56297685,4261908.56297685,0.0,2.466382270241233e-05,4.932764540482466e-05,0.0,2.0541666666666668e-07,2.0541666666666668e-07,0.0,0.0031569693059087783,0.0031569693059087783,0.0
325,0,llc,17748.0,17748.0,0.0,4261908.56297685,4261908.56297685,0.0,2.466382270241233e-05,4.932764540482466e-05,0.0,2.0541666666666668e-07,2.0541666666666668e-07,0.0,0.0031569693059087783,0.0031569693059087783,0.0
325,0,dram,17748.0,17748.0,0.0,4261908.56297685,4261908.56297685,0.0,8.878976172868438e-05,8.878976172868438e-05,0.0,3.6975e-07,3.6975e-07,0.0,0.0031569693059087783,0.0031569693059087783,0.0
161,0,l3,21120.0,12288.0,8832.0,5071642.373792601,2950773.7447520588,2120868.629040542,5.869956451148843e-05,3.415247389759327e-05,2.4547090613895165e-05,2.4444444444444445e-07,1.4222222222222222e-07,1.0222222222222223e-07,0.00375677212873526,0.0021857583294459695,0.0015710137992892906
161,0,gti,15700.000000000002,15700.000000000002,0.0,3770112.938851508,3770112.938851508,0.0,2.1817783210946227e-05,4.3635566421892454e-05,0.0,1.81712962962963e-07,1.81712962962963e-07,0.0,0.002792676251001117,0.002792676251001117,0.0
161,0,llc,15700.000000000002,15700.000000000002,0.0,3770112.938851508,3770112.938851508,0.0,2.1817783210946227e-05,4.3635566421892454e-05,0.0,1.81712962962963e-07,1.81712962962963e-07,0.0,0.002792676251001117,0.002792676251001117,0.0
161,0,dram,15700.000000000002,15700.000000000002,0.0,3770112.938851508,3770112.938851508,0.0,7.854401955940641e-05,7.854401955940641e-05,0.0,3.2708333333333336e-07,3.2708333333333336e-07,0.0,0.002792676251001117,0.002792676251001117,0.0
328,0,l3,21120.0,12288.0,8832.0,5071642.373792601,2950773.7447520588,2120868.629040542,5.869956451148843e-05,3.415247389759327e-05,2.4547090613895165e-05,2.4444444444444445e-07,1.4222222222222222e-07,1.0222222222222223e-07,0.00375677212873526,0.0021857583294459695,0.0015710137992892906
328,0,gti,15700.000000000002,15700.000000000002,0.0,3770112.938851508,3770112.938851508,0.0,2.1817783210946227e-05,4.3635566421892454e-05,0.0,1.81712962962963e-07,1.81712962962963e-07,0.0,0.002792676251001117,0.002792676251001117,0.0
328,0,llc,15700.000000000002,15700.000000000002,0.0,3770112.938851508,3770112.938851508,0.0,2.1817783210946227e-05,4.3635566421892454e-05,0.0,1.81712962962963e-07,1.81712962962963e-07,0.0,0.002792676251001117,0.002792676251001117,0.0
328,0,dram,15700.000000000002,15700.000000000002,0.0,3770112.938851508,3770112.938851508,0.0,7.854401955940641e-05,7.854401955940641e-05,0.0,3.2708333333333336e-07,3.2708333333333336e-07,0.0,0.002792676251001117,0.002792676251001117,0.0
162,0,l3,18560.0,10624.0,7936.0,4456897.843635922,2551189.8001502175,1905708.0434857046,5.158446578282317e-05,2.952765972396085e-05,2.205680605886232e-05,2.1481481481481483e-07,1.2296296296296297e-07,9.185185185185185e-08,0.003301405810100683,0.0018897702223334945,0.0014116355877671887
162,0,gti,10922.000000000002,10922.000000000002,0.0,2622749.905613769,2622749.905613769,0.0,1.5177950842672272e-05,3.0355901685344544e-05,0.0,1.2641203703703705e-07,1.2641203703703705e-07,0.0,0.001942777707862051,0.001942777707862051,0.0
162,0,llc,10922.000000000002,10922.000000000002,0.0,2622749.905613769,2622749.905613769,0.0,1.5177950842672272e-05,3.0355901685344544e-05,0.0,1.2641203703703705e-07,1.2641203703703705e-07,0.0,0.001942777707862051,0.001942777707862051,0.0
162,0,dram,10922.000000000002,10922.000000000002,0.0,2622749.905613769,2622749.905613769,0.0,5.464062303362018e-05,5.464062303362018e-05,0.0,2.275416666666667e-07,2.275416666666667e-07,0.0,0.001942777707862051,0.001942777707862051,0.0
331,0,l3,1842.0,1062.0,780.0,442327.9002142979,255022.92618218475,187304.9740321131,5.119535882109929e-06,2.9516542382197308e-06,2.1678816438901978e-06,2.1319444444444444e-08,1.2291666666666666e-08,9.027777777777778e-09,0.00032765029645503546,0.0001889058712460628,0.00013874442520897269
331,0,gti,273.0,273.0,0.0,65556.74091123958,65556.74091123958,0.0,3.7937928768078463e-07,7.587585753615693e-07,0.0,3.1597222222222223e-09,3.1597222222222223e-09,0.0,4.856054882314043e-05,4.856054882314043e-05,0.0
331,0,llc,273.0,273.0,0.0,65556.74091123958,65556.74091123958,0.0,3.7937928768078463e-07,7.587585753615693e-07,0.0,3.1597222222222223e-09,3.1597222222222223e-09,0.0,4.856054882314043e-05,4.856054882314043e-05,0.0
331,0,dram,273.0,273.0,0.0,65556.74091123958,65556.74091123958,0.0,1.3657654356508245e-06,1.3657654356508245e-06,0.0,5.6875e-09,5.6875e-09,0.0,4.856054882314043e-05,4.856054882314043e-05,0.0
332,0,l3,896.0,512.0,384.0,215160.5855548376,122948.90603133578,92211.67952350184,2.490284555032843e-06,1.423019745733053e-06,1.0672648092997896e-06,1.037037037037037e-08,5.925925925925926e-09,4.444444444444444e-09,0.00015937821152210195,9.10732637269154e-05,6.830494779518655e-05
332,0,gti,0.0,0.0,0.0,0.0,0.0,0.0,0.0,0.0,0.0,0.0,0.0,0.0,0.0,0.0,0.0
332,0,llc,0.0,0.0,0.0,0.0,0.0,0.0,0.0,0.0,0.0,0.0,0.0,0.0,0.0,0.0,0.0
332,0,dram,0.0,0.0,0.0,0.0,0.0,0.0,0.0,0.0,0.0,0.0,0.0,0.0,0.0,0.0,0.0
333,0,l3,896.0,512.0,384.0,215160.5855548376,122948.90603133578,92211.67952350184,2.490284555032843e-06,1.423019745733053e-06,1.0672648092997896e-06,1.037037037037037e-08,5.925925925925926e-09,4.444444444444444e-09,0.00015937821152210195,9.10732637269154e-05,6.830494779518655e-05
333,0,gti,0.0,0.0,0.0,0.0,0.0,0.0,0.0,0.0,0.0,0.0,0.0,0.0,0.0,0.0,0.0
333,0,llc,0.0,0.0,0.0,0.0,0.0,0.0,0.0,0.0,0.0,0.0,0.0,0.0,0.0,0.0,0.0
333,0,dram,0.0,0.0,0.0,0.0,0.0,0.0,0.0,0.0,0.0,0.0,0.0,0.0,0.0,0.0,0.0
334,0,l3,0.0,0.0,0.0,0.0,0.0,0.0,0.0,0.0,0.0,0.0,0.0,0.0,0.0,0.0,0.0
334,0,gti,0.0,0.0,0.0,0.0,0.0,0.0,0.0,0.0,0.0,0.0,0.0,0.0,0.0,0.0,0.0
334,0,llc,0.0,0.0,0.0,0.0,0.0,0.0,0.0,0.0,0.0,0.0,0.0,0.0,0.0,0.0,0.0
334,0,dram,0.0,0.0,0.0,0.0,0.0,0.0,0.0,0.0,0.0,0.0,0.0,0.0,0.0,0.0,0.0
167,0,l3,0.0,0.0,0.0,0.0,0.0,0.0,0.0,0.0,0.0,0.0,0.0,0.0,0.0,0.0,0.0
167,0,gti,0.0,0.0,0.0,0.0,0.0,0.0,0.0,0.0,0.0,0.0,0.0,0.0,0.0,0.0,0.0
167,0,llc,0.0,0.0,0.0,0.0,0.0,0.0,0.0,0.0,0.0,0.0,0.0,0.0,0.0,0.0,0.0
167,0,dram,0.0,0.0,0.0,0.0,0.0,0.0,0.0,0.0,0.0,0.0,0.0,0.0,0.0,0.0,0.0
341,0,l3,2048.0,2048.0,0.0,491795.6241253431,491795.6241253431,0.0,5.692078982932212e-06,5.692078982932212e-06,0.0,2.3703703703703703e-08,2.3703703703703703e-08,0.0,0.0003642930549076616,0.0003642930549076616,0.0
341,0,gti,1365.0000000000002,1365.0000000000002,0.0,327783.704556198,327783.704556198,0.0,1.8968964384039235e-06,3.793792876807847e-06,0.0,1.5798611111111115e-08,1.5798611111111115e-08,0.0,0.0002428027441157022,0.0002428027441157022,0.0
341,0,llc,1365.0000000000002,1365.0000000000002,0.0,327783.704556198,327783.704556198,0.0,1.8968964384039235e-06,3.793792876807847e-06,0.0,1.5798611111111115e-08,1.5798611111111115e-08,0.0,0.0002428027441157022,0.0002428027441157022,0.0
341,0,dram,1365.0,1365.0,0.0,327783.7045561979,327783.7045561979,0.0,6.828827178254123e-06,6.828827178254123e-06,0.0,2.84375e-08,2.84375e-08,0.0,0.00024280274411570219,0.00024280274411570219,0.0
342,0,l3,64.0,64.0,0.0,15368.613253916972,15368.613253916972,0.0,1.7787746821663162e-07,1.7787746821663162e-07,0.0,7.407407407407407e-10,7.407407407407407e-10,0.0,1.1384157965864425e-05,1.1384157965864425e-05,0.0
342,0,gti,0.0,0.0,0.0,0.0,0.0,0.0,0.0,0.0,0.0,0.0,0.0,0.0,0.0,0.0,0.0
342,0,llc,0.0,0.0,0.0,0.0,0.0,0.0,0.0,0.0,0.0,0.0,0.0,0.0,0.0,0.0,0.0
342,0,dram,0.0,0.0,0.0,0.0,0.0,0.0,0.0,0.0,0.0,0.0,0.0,0.0,0.0,0.0,0.0
174,0,l3,0.0,0.0,0.0,0.0,0.0,0.0,0.0,0.0,0.0,0.0,0.0,0.0,0.0,0.0,0.0
174,0,gti,0.0,0.0,0.0,0.0,0.0,0.0,0.0,0.0,0.0,0.0,0.0,0.0,0.0,0.0,0.0
174,0,llc,0.0,0.0,0.0,0.0,0.0,0.0,0.0,0.0,0.0,0.0,0.0,0.0,0.0,0.0,0.0
174,0,dram,0.0,0.0,0.0,0.0,0.0,0.0,0.0,0.0,0.0,0.0,0.0,0.0,0.0,0.0,0.0
344,0,l3,0.0,0.0,0.0,0.0,0.0,0.0,0.0,0.0,0.0,0.0,0.0,0.0,0.0,0.0,0.0
344,0,gti,0.0,0.0,0.0,0.0,0.0,0.0,0.0,0.0,0.0,0.0,0.0,0.0,0.0,0.0,0.0
344,0,llc,0.0,0.0,0.0,0.0,0.0,0.0,0.0,0.0,0.0,0.0,0.0,0.0,0.0,0.0,0.0
344,0,dram,0.0,0.0,0.0,0.0,0.0,0.0,0.0,0.0,0.0,0.0,0.0,0.0,0.0,0.0,0.0
172,0,l3,0.0,0.0,0.0,0.0,0.0,0.0,0.0,0.0,0.0,0.0,0.0,0.0,0.0,0.0,0.0
172,0,gti,0.0,0.0,0.0,0.0,0.0,0.0,0.0,0.0,0.0,0.0,0.0,0.0,0.0,0.0,0.0
172,0,llc,0.0,0.0,0.0,0.0,0.0,0.0,0.0,0.0,0.0,0.0,0.0,0.0,0.0,0.0,0.0
172,0,dram,0.0,0.0,0.0,0.0,0.0,0.0,0.0,0.0,0.0,0.0,0.0,0.0,0.0,0.0,0.0
49,0,l3,2649600.0,2145408.0,504192.0,638915747.418131,517336562.43841994,121579184.97971101,0.007394858187709849,0.00598769169488912,0.0014071664928207294,3.066666666666667e-05,2.4831111111111112e-05,5.835555555555556e-06,0.47327092401343035,0.3832122684729037,0.09005865554052668
49,0,gti,765274.0,765274.0,0.0,184535631.67635217,184535631.67635217,0.0,0.001067914535164075,0.00213582907032815,0.0,8.857337962962962e-06,8.857337962962962e-06,0.0,0.13669306050100163,0.13669306050100163,0.0
49,0,llc,765274.0,765274.0,0.0,184535631.67635217,184535631.67635217,0.0,0.001067914535164075,0.00213582907032815,0.0,8.857337962962962e-06,8.857337962962962e-06,0.0,0.13669306050100163,0.13669306050100163,0.0
49,0,dram,765274.0,765274.0,0.0,184535631.67635217,184535631.67635217,0.0,0.00384449232659067,0.00384449232659067,0.0,1.5943208333333332e-05,1.5943208333333332e-05,0.0,0.13669306050100163,0.13669306050100163,0.0
39,0,l3,28544.0,16768.0,11776.0,6883005.394890976,4043379.850810394,2839625.544080582,7.966441429271963e-05,4.6798377902898076e-05,3.286603638982155e-05,3.303703703703704e-07,1.9407407407407406e-07,1.362962962962963e-07,0.005098522514734056,0.0029950961857854773,0.002103426328948579
39,0,gti,12289.0,12289.0,0.0,2963328.660938033,2963328.660938033,0.0,1.714889271376176e-05,3.429778542752352e-05,0.0,1.4223379629629628e-07,1.4223379629629628e-07,0.0,0.002195058267361506,0.002195058267361506,0.0
39,0,llc,12289.0,12289.0,0.0,2963328.660938033,2963328.660938033,0.0,1.714889271376176e-05,3.429778542752352e-05,0.0,1.4223379629629628e-07,1.4223379629629628e-07,0.0,0.002195058267361506,0.002195058267361506,0.0
39,0,dram,12289.0,12289.0,0.0,2963328.660938033,2963328.660938033,0.0,6.173601376954234e-05,6.173601376954234e-05,0.0,2.5602083333333334e-07,2.5602083333333334e-07,0.0,0.002195058267361506,0.002195058267361506,0.0
295,0,l3,28032.0,16448.0,11584.0,6759543.41471356,3966216.1131995087,2793327.301514051,7.823545618881434e-05,4.5905279087957275e-05,3.233017710085707e-05,3.244444444444444e-07,1.9037037037037037e-07,1.3407407407407408e-07,0.005007069196084118,0.0029379378616292656,0.0020691313344548524
295,0,gti,11606.0,11606.0,0.0,2798632.308474799,2798632.308474799,0.0,1.6195788822192126e-05,3.239157764438425e-05,0.0,1.3432870370370372e-07,1.3432870370370372e-07,0.0,0.002073060969240592,0.002073060969240592,0.0
295,0,llc,11606.0,11606.0,0.0,2798632.308474799,2798632.308474799,0.0,1.6195788822192126e-05,3.239157764438425e-05,0.0,1.3432870370370372e-07,1.3432870370370372e-07,0.0,0.002073060969240592,0.002073060969240592,0.0
295,0,dram,11606.0,11606.0,0.0,2798632.308474799,2798632.308474799,0.0,5.8304839759891646e-05,5.8304839759891646e-05,0.0,2.4179166666666666e-07,2.4179166666666666e-07,0.0,0.002073060969240592,0.002073060969240592,0.0
296,0,l3,9792.0,5056.0,4736.0,2361210.370893093,1219187.0542519891,1142023.3166411037,2.732882373718857e-05,1.4110961276064688e-05,1.3217862461123885e-05,1.1333333333333333e-07,5.851851851851852e-08,5.481481481481482e-08,0.0017490447191800687,0.00090310152166814,0.0008459431975119286
296,0,gti,5462.0,5462.0,0.0,1317088.5463458,1317088.5463458,0.0,7.622040198760416e-06,1.5244080397520831e-05,0.0,6.32175925925926e-08,6.32175925925926e-08,0.0,0.0009756211454413332,0.0009756211454413332,0.0
296,0,llc,5462.0,5462.0,0.0,1317088.5463458,1317088.5463458,0.0,7.622040198760416e-06,1.5244080397520831e-05,0.0,6.32175925925926e-08,6.32175925925926e-08,0.0,0.0009756211454413332,0.0009756211454413332,0.0
296,0,dram,5462.0,5462.0,0.0,1317088.5463458,1317088.5463458,0.0,2.7439344715537496e-05,2.7439344715537496e-05,0.0,1.1379166666666666e-07,1.1379166666666666e-07,0.0,0.0009756211454413332,0.0009756211454413332,0.0
40,0,l3,9792.0,5056.0,4736.0,2361210.370893093,1219187.0542519891,1142023.3166411037,2.732882373718857e-05,1.4110961276064688e-05,1.3217862461123885e-05,1.1333333333333333e-07,5.851851851851852e-08,5.481481481481482e-08,0.0017490447191800687,0.00090310152166814,0.0008459431975119286
40,0,gti,5462.0,5462.0,0.0,1317088.5463458,1317088.5463458,0.0,7.622040198760416e-06,1.5244080397520831e-05,0.0,6.32175925925926e-08,6.32175925925926e-08,0.0,0.0009756211454413332,0.0009756211454413332,0.0
40,0,llc,5462.0,5462.0,0.0,1317088.5463458,1317088.5463458,0.0,7.622040198760416e-06,1.5244080397520831e-05,0.0,6.32175925925926e-08,6.32175925925926e-08,0.0,0.0009756211454413332,0.0009756211454413332,0.0
40,0,dram,5462.0,5462.0,0.0,1317088.5463458,1317088.5463458,0.0,2.7439344715537496e-05,2.7439344715537496e-05,0.0,1.1379166666666666e-07,1.1379166666666666e-07,0.0,0.0009756211454413332,0.0009756211454413332,0.0
41,0,l3,9152.0,4736.0,4416.0,2206882.895671322,1142023.3166411037,1064859.5790302183,2.5542626107306965e-05,1.3217862461123885e-05,1.2324763646183083e-05,1.0592592592592592e-07,5.481481481481482e-08,5.1111111111111114e-08,0.001634728070867646,0.0008459431975119286,0.0007887848733557172
41,0,gti,5462.0,5462.0,0.0,1317088.5463458,1317088.5463458,0.0,7.622040198760416e-06,1.5244080397520831e-05,0.0,6.32175925925926e-08,6.32175925925926e-08,0.0,0.0009756211454413332,0.0009756211454413332,0.0
41,0,llc,5462.0,5462.0,0.0,1317088.5463458,1317088.5463458,0.0,7.622040198760416e-06,1.5244080397520831e-05,0.0,6.32175925925926e-08,6.32175925925926e-08,0.0,0.0009756211454413332,0.0009756211454413332,0.0
41,0,dram,5462.0,5462.0,0.0,1317088.5463458,1317088.5463458,0.0,2.7439344715537496e-05,2.7439344715537496e-05,0.0,1.1379166666666666e-07,1.1379166666666666e-07,0.0,0.0009756211454413332,0.0009756211454413332,0.0
42,0,l3,768.0,512.0,256.0,185192.9702661249,123461.98017741661,61730.990088708306,2.1434371558579274e-06,1.4289581039052848e-06,7.144790519526424e-07,8.888888888888889e-09,5.925925925925926e-09,2.962962962962963e-09,0.00013717997797490735,9.145331864993823e-05,4.5726659324969115e-05
42,0,gti,683.0,683.0,0.0,164696.3524632335,164696.3524632335,0.0,9.531038915696383e-07,1.9062077831392766e-06,0.0,7.905092592592593e-09,7.905092592592593e-09,0.0,0.0001219972981209137,0.0001219972981209137,0.0
42,0,llc,683.0,683.0,0.0,164696.3524632335,164696.3524632335,0.0,9.531038915696383e-07,1.9062077831392766e-06,0.0,7.905092592592593e-09,7.905092592592593e-09,0.0,0.0001219972981209137,0.0001219972981209137,0.0
42,0,dram,683.0,683.0,0.0,164696.3524632335,164696.3524632335,0.0,3.4311740096506974e-06,3.4311740096506974e-06,0.0,1.4229166666666666e-08,1.4229166666666666e-08,0.0,0.0001219972981209137,0.0001219972981209137,0.0
310,0,l3,2539776.0,2077888.0,461888.0,612433152.670075,501055013.80252314,111378138.86755195,0.007088346674422165,0.005799247844936611,0.0012890988294855551,2.9395555555555555e-05,2.404962962962963e-05,5.345925925925926e-06,0.4536541871630186,0.3711518620759431,0.08250232508707553
310,0,gti,710657.0,710657.0,0.0,171365469.62293428,171365469.62293428,0.0,0.000991698319577166,0.001983396639154332,0.0,8.22519675925926e-06,8.22519675925926e-06,0.0,0.12693738490587725,0.12693738490587725,0.0
310,0,llc,710657.0,710657.0,0.0,171365469.62293428,171365469.62293428,0.0,0.000991698319577166,0.001983396639154332,0.0,8.22519675925926e-06,8.22519675925926e-06,0.0,0.12693738490587725,0.12693738490587725,0.0
310,0,dram,710657.0,710657.0,0.0,171365469.62293428,171365469.62293428,0.0,0.003570113950477798,0.003570113950477798,0.0,1.4805354166666666e-05,1.4805354166666666e-05,0.0,0.12693738490587725,0.12693738490587725,0.0
311,0,l3,2537920.0,2076480.0,461440.0,611985602.9919319,500715493.3570352,111270109.63489673,0.007083166701295509,0.0057953182101508705,0.001287848491144638,2.9374074074074074e-05,2.4033333333333332e-05,5.340740740740741e-06,0.45332266888291256,0.37090036544965577,0.08242230343325684
311,0,gti,708608.0,708608.0,0.0,170871380.56554458,170871380.56554458,0.0,0.0009888390079024572,0.0019776780158049143,0.0,8.201481481481482e-06,8.201481481481482e-06,0.0,0.12657139301151452,0.12657139301151452,0.0
311,0,llc,708608.0,708608.0,0.0,170871380.56554458,170871380.56554458,0.0,0.0009888390079024572,0.0019776780158049143,0.0,8.201481481481482e-06,8.201481481481482e-06,0.0,0.12657139301151452,0.12657139301151452,0.0
311,0,dram,708608.0,708608.0,0.0,170871380.56554458,170871380.56554458,0.0,0.0035598204284488454,0.0035598204284488454,0.0,1.4762666666666667e-05,1.4762666666666667e-05,0.0,0.12657139301151452,0.12657139301151452,0.0
50,0,l3,2536832.0,2075392.0,461440.0,611723246.284055,500453136.64915824,111270109.63489673,0.00708013016532471,0.005792281674180073,0.001287848491144638,2.936148148148148e-05,2.4020740740740742e-05,5.340740740740741e-06,0.45312833058078145,0.3707060271475246,0.08242230343325684
50,0,gti,708608.0,708608.0,0.0,170871380.56554458,170871380.56554458,0.0,0.0009888390079024572,0.0019776780158049143,0.0,8.201481481481482e-06,8.201481481481482e-06,0.0,0.12657139301151452,0.12657139301151452,0.0
50,0,llc,708608.0,708608.0,0.0,170871380.56554458,170871380.56554458,0.0,0.0009888390079024572,0.0019776780158049143,0.0,8.201481481481482e-06,8.201481481481482e-06,0.0,0.12657139301151452,0.12657139301151452,0.0
50,0,dram,708608.0,708608.0,0.0,170871380.56554458,170871380.56554458,0.0,0.0035598204284488454,0.0035598204284488454,0.0,1.4762666666666667e-05,1.4762666666666667e-05,0.0,0.12657139301151452,0.12657139301151452,0.0
51,0,l3,2536320.0,2074880.0,461440.0,611599784.3038776,500329674.66898084,111270109.63489673,0.0070787012072208045,0.005790852716076166,0.001287848491144638,2.9355555555555555e-05,2.4014814814814813e-05,5.340740740740741e-06,0.45303687726213154,0.3706145738288747,0.08242230343325684
51,0,gti,708608.0,708608.0,0.0,170871380.56554458,170871380.56554458,0.0,0.0009888390079024572,0.0019776780158049143,0.0,8.201481481481482e-06,8.201481481481482e-06,0.0,0.12657139301151452,0.12657139301151452,0.0
51,0,llc,708608.0,708608.0,0.0,170871380.56554458,170871380.56554458,0.0,0.0009888390079024572,0.0019776780158049143,0.0,8.201481481481482e-06,8.201481481481482e-06,0.0,0.12657139301151452,0.12657139301151452,0.0
51,0,dram,708608.0,708608.0,0.0,170871380.56554458,170871380.56554458,0.0,0.0035598204284488454,0.0035598204284488454,0.0,1.4762666666666667e-05,1.4762666666666667e-05,0.0,0.12657139301151452,0.12657139301151452,0.0
52,0,l3,2532992.0,2071680.0,461312.0,610797281.4327244,499558037.29287195,111239244.13985236,0.00706941297954542,0.0057819217279267586,0.0012874912516186617,2.9317037037037036e-05,2.3977777777777778e-05,5.339259259259259e-06,0.4524424306909069,0.37004299058731255,0.08239944010359435
52,0,gti,708608.0,708608.0,0.0,170871380.56554458,170871380.56554458,0.0,0.0009888390079024572,0.0019776780158049143,0.0,8.201481481481482e-06,8.201481481481482e-06,0.0,0.12657139301151452,0.12657139301151452,0.0
52,0,llc,708608.0,708608.0,0.0,170871380.56554458,170871380.56554458,0.0,0.0009888390079024572,0.0019776780158049143,0.0,8.201481481481482e-06,8.201481481481482e-06,0.0,0.12657139301151452,0.12657139301151452,0.0
52,0,dram,708608.0,708608.0,0.0,170871380.56554458,170871380.56554458,0.0,0.0035598204284488454,0.0035598204284488454,0.0,1.4762666666666667e-05,1.4762666666666667e-05,0.0,0.12657139301151452,0.12657139301151452,0.0
53,0,l3,2530880.0,2069568.0,461312.0,610288000.7644925,499048756.6246401,111239244.13985236,0.00706351852736681,0.0057760272757481496,0.0012874912516186617,2.929259259259259e-05,2.3953333333333333e-05,5.339259259259259e-06,0.4520651857514759,0.36966574564788157,0.08239944010359435
53,0,gti,708608.0,708608.0,0.0,170871380.56554458,170871380.56554458,0.0,0.0009888390079024572,0.0019776780158049143,0.0,8.201481481481482e-06,8.201481481481482e-06,0.0,0.12657139301151452,0.12657139301151452,0.0
53,0,llc,708608.0,708608.0,0.0,170871380.56554458,170871380.56554458,0.0,0.0009888390079024572,0.0019776780158049143,0.0,8.201481481481482e-06,8.201481481481482e-06,0.0,0.12657139301151452,0.12657139301151452,0.0
53,0,dram,708608.0,708608.0,0.0,170871380.56554458,170871380.56554458,0.0,0.0035598204284488454,0.0035598204284488454,0.0,1.4762666666666667e-05,1.4762666666666667e-05,0.0,0.12657139301151452,0.12657139301151452,0.0
237,0,l3,909376.0,460800.0,448576.0,219283909.54261407,111115782.15967494,108168127.38293913,0.002538008212298774,0.0012860622935147565,0.0012519459187840176,1.0525185185185185e-05,5.333333333333334e-06,5.191851851851852e-06,0.16243252558712154,0.08230798678494441,0.08012453880217714
237,0,gti,425300.99999999994,425300.99999999994,0.0,102555671.15514737,102555671.15514737,0.0,0.0005934934673330288,0.0011869869346660576,0.0,4.922465277777777e-06,4.922465277777777e-06,0.0,0.07596716381862768,0.07596716381862768,0.0
237,0,llc,425300.99999999994,425300.99999999994,0.0,102555671.15514737,102555671.15514737,0.0,0.0005934934673330288,0.0011869869346660576,0.0,4.922465277777777e-06,4.922465277777777e-06,0.0,0.07596716381862768,0.07596716381862768,0.0
237,0,dram,425301.0,425301.0,0.0,102555671.15514739,102555671.15514739,0.0,0.002136576482398904,0.002136576482398904,0.0,8.8604375e-06,8.8604375e-06,0.0,0.0759671638186277,0.0759671638186277,0.0
58,0,l3,908224.0,460032.0,448192.0,219006120.0872149,110930589.18940882,108075530.89780606,0.0025347930565649875,0.0012839188563588983,0.0012508742002060888,1.0511851851851853e-05,5.324444444444444e-06,5.1874074074074076e-06,0.16222675562015917,0.0821708068069695,0.08005594881318968
58,0,gti,425300.99999999994,425300.99999999994,0.0,102555671.15514737,102555671.15514737,0.0,0.0005934934673330288,0.0011869869346660576,0.0,4.922465277777777e-06,4.922465277777777e-06,0.0,0.07596716381862768,0.07596716381862768,0.0
58,0,llc,425300.99999999994,425300.99999999994,0.0,102555671.15514737,102555671.15514737,0.0,0.0005934934673330288,0.0011869869346660576,0.0,4.922465277777777e-06,4.922465277777777e-06,0.0,0.07596716381862768,0.07596716381862768,0.0
58,0,dram,425301.0,425301.0,0.0,102555671.15514739,102555671.15514739,0.0,0.002136576482398904,0.002136576482398904,0.0,8.8604375e-06,8.8604375e-06,0.0,0.0759671638186277,0.0759671638186277,0.0
302,0,l3,79936.0,49664.0,30272.0,19275501.65519917,11975812.077209411,7299689.577989757,0.0002230960839722126,0.00013860893607881263,8.448714789339998e-05,9.251851851851852e-07,5.748148148148148e-07,3.503703703703704e-07,0.014278149374221607,0.008870971909044009,0.005407177465177598
302,0,gti,41645.0,41645.0,0.0,10042137.04001663,10042137.04001663,0.0,5.811421898157772e-05,0.00011622843796315545,0.0,4.820023148148148e-07,4.820023148148148e-07,0.0,0.007438620029641949,0.007438620029641949,0.0
302,0,llc,41645.0,41645.0,0.0,10042137.04001663,10042137.04001663,0.0,5.811421898157772e-05,0.00011622843796315545,0.0,4.820023148148148e-07,4.820023148148148e-07,0.0,0.007438620029641949,0.007438620029641949,0.0
302,0,dram,41645.0,41645.0,0.0,10042137.04001663,10042137.04001663,0.0,0.0002092111883336798,0.0002092111883336798,0.0,8.676041666666666e-07,8.676041666666666e-07,0.0,0.007438620029641949,0.007438620029641949,0.0
303,0,l3,1984.0,1984.0,0.0,478415.1731874894,478415.1731874894,0.0,5.537212652632978e-06,5.537212652632978e-06,0.0,2.296296296296296e-08,2.296296296296296e-08,0.0,0.00035438160976851066,0.00035438160976851066,0.0
303,0,gti,683.0000000000001,683.0000000000001,0.0,164696.35246323352,164696.35246323352,0.0,9.531038915696384e-07,1.9062077831392768e-06,0.0,7.905092592592594e-09,7.905092592592594e-09,0.0,0.00012199729812091372,0.00012199729812091372,0.0
303,0,llc,683.0000000000001,683.0000000000001,0.0,164696.35246323352,164696.35246323352,0.0,9.531038915696384e-07,1.9062077831392768e-06,0.0,7.905092592592594e-09,7.905092592592594e-09,0.0,0.00012199729812091372,0.00012199729812091372,0.0
303,0,dram,683.0,683.0,0.0,164696.3524632335,164696.3524632335,0.0,3.4311740096506974e-06,3.4311740096506974e-06,0.0,1.4229166666666666e-08,1.4229166666666666e-08,0.0,0.0001219972981209137,0.0001219972981209137,0.0
304,0,l3,64.0,64.0,0.0,15432.747522177076,15432.747522177076,0.0,1.786197629881606e-07,1.786197629881606e-07,0.0,7.407407407407407e-10,7.407407407407407e-10,0.0,1.1431664831242279e-05,1.1431664831242279e-05,0.0
304,0,gti,0.0,0.0,0.0,0.0,0.0,0.0,0.0,0.0,0.0,0.0,0.0,0.0,0.0,0.0,0.0
304,0,llc,0.0,0.0,0.0,0.0,0.0,0.0,0.0,0.0,0.0,0.0,0.0,0.0,0.0,0.0,0.0
304,0,dram,0.0,0.0,0.0,0.0,0.0,0.0,0.0,0.0,0.0,0.0,0.0,0.0,0.0,0.0,0.0
45,0,l3,0.0,0.0,0.0,0.0,0.0,0.0,0.0,0.0,0.0,0.0,0.0,0.0,0.0,0.0,0.0
45,0,gti,0.0,0.0,0.0,0.0,0.0,0.0,0.0,0.0,0.0,0.0,0.0,0.0,0.0,0.0,0.0
45,0,llc,0.0,0.0,0.0,0.0,0.0,0.0,0.0,0.0,0.0,0.0,0.0,0.0,0.0,0.0,0.0
45,0,dram,0.0,0.0,0.0,0.0,0.0,0.0,0.0,0.0,0.0,0.0,0.0,0.0,0.0,0.0,0.0
283,0,l3,74240.0,45056.0,29184.0,17901987.125725407,10864654.255612662,7037332.870112747,0.0002071989250662663,0.00012574831314366507,8.145061192260123e-05,8.592592592592593e-07,5.214814814814814e-07,3.3777777777777777e-07,0.013260731204241044,0.008047892041194564,0.0052128391630464795
283,0,gti,40279.0,40279.0,0.0,9712744.335090164,9712744.335090164,0.0,5.6208011198438445e-05,0.00011241602239687689,0.0,4.661921296296296e-07,4.661921296296296e-07,0.0,0.007194625433400121,0.007194625433400121,0.0
283,0,llc,40279.0,40279.0,0.0,9712744.335090164,9712744.335090164,0.0,5.6208011198438445e-05,0.00011241602239687689,0.0,4.661921296296296e-07,4.661921296296296e-07,0.0,0.007194625433400121,0.007194625433400121,0.0
283,0,dram,40279.0,40279.0,0.0,9712744.335090164,9712744.335090164,0.0,0.00020234884031437842,0.00020234884031437842,0.0,8.391458333333334e-07,8.391458333333334e-07,0.0,0.007194625433400121,0.007194625433400121,0.0
284,0,l3,73984.0,44864.0,29120.0,17840256.1356367,10818356.01304613,7021900.12259057,0.00020648444601431367,0.0001252124538547006,8.127199215961308e-05,8.562962962962963e-07,5.192592592592593e-07,3.3703703703703705e-07,0.013215004544916075,0.008013597046700838,0.005201407498215237
284,0,gti,40279.0,40279.0,0.0,9712744.335090164,9712744.335090164,0.0,5.6208011198438445e-05,0.00011241602239687689,0.0,4.661921296296296e-07,4.661921296296296e-07,0.0,0.007194625433400121,0.007194625433400121,0.0
284,0,llc,40279.0,40279.0,0.0,9712744.335090164,9712744.335090164,0.0,5.6208011198438445e-05,0.00011241602239687689,0.0,4.661921296296296e-07,4.661921296296296e-07,0.0,0.007194625433400121,0.007194625433400121,0.0
284,0,dram,40279.0,40279.0,0.0,9712744.335090164,9712744.335090164,0.0,0.00020234884031437842,0.00020234884031437842,0.0,8.391458333333334e-07,8.391458333333334e-07,0.0,0.007194625433400121,0.007194625433400121,0.0
30,0,l3,73792.0,44736.0,29056.0,17793957.89307017,10787490.518001776,7006467.375068393,0.00020594858672534917,0.00012485521432872425,8.109337239662491e-05,8.540740740740741e-07,5.177777777777777e-07,3.362962962962963e-07,0.013180709550422347,0.007990733717038354,0.005189975833383995
30,0,gti,40279.0,40279.0,0.0,9712744.335090164,9712744.335090164,0.0,5.6208011198438445e-05,0.00011241602239687689,0.0,4.661921296296296e-07,4.661921296296296e-07,0.0,0.007194625433400121,0.007194625433400121,0.0
30,0,llc,40279.0,40279.0,0.0,9712744.335090164,9712744.335090164,0.0,5.6208011198438445e-05,0.00011241602239687689,0.0,4.661921296296296e-07,4.661921296296296e-07,0.0,0.007194625433400121,0.007194625433400121,0.0
30,0,dram,40279.0,40279.0,0.0,9712744.335090164,9712744.335090164,0.0,0.00020234884031437842,0.00020234884031437842,0.0,8.391458333333334e-07,8.391458333333334e-07,0.0,0.007194625433400121,0.007194625433400121,0.0
290,0,l3,66880.0,40256.0,26624.0,16127221.160675045,9707198.191449381,6420022.969225664,0.00018665765232262784,0.00011235183091955302,7.430582140307482e-05,7.740740740740741e-07,4.6592592592592595e-07,3.0814814814814815e-07,0.011946089748648182,0.007190517178851393,0.004755572569796788
290,0,gti,39596.0,39596.0,0.0,9548047.98262693,9548047.98262693,0.0,5.5254907306868806e-05,0.00011050981461373761,0.0,4.5828703703703705e-07,4.5828703703703705e-07,0.0,0.007072628135279207,0.007072628135279207,0.0
290,0,llc,39596.0,39596.0,0.0,9548047.98262693,9548047.98262693,0.0,5.5254907306868806e-05,0.00011050981461373761,0.0,4.5828703703703705e-07,4.5828703703703705e-07,0.0,0.007072628135279207,0.007072628135279207,0.0
290,0,dram,39596.0,39596.0,0.0,9548047.98262693,9548047.98262693,0.0,0.0001989176663047277,0.0001989176663047277,0.0,8.249166666666666e-07,8.249166666666666e-07,0.0,0.007072628135279207,0.007072628135279207,0.0
291,0,l3,35968.0,22080.0,13888.0,8673204.107463516,5324297.895151092,3348906.2123124255,0.00010038430679934626,6.16238182309154e-05,3.876048856843085e-05,4.162962962962963e-07,2.5555555555555553e-07,1.6074074074074075e-07,0.00642459563515816,0.003943924366778586,0.0024806712683795745
291,0,gti,19116.0,19116.0,0.0,4609568.775530266,4609568.775530266,0.0,2.667574522876311e-05,5.335149045752622e-05,0.0,2.2125e-07,2.2125e-07,0.0,0.003414495389281678,0.003414495389281678,0.0
291,0,llc,19116.0,19116.0,0.0,4609568.775530266,4609568.775530266,0.0,2.667574522876311e-05,5.335149045752622e-05,0.0,2.2125e-07,2.2125e-07,0.0,0.003414495389281678,0.003414495389281678,0.0
291,0,dram,19116.0,19116.0,0.0,4609568.775530266,4609568.775530266,0.0,9.60326828235472e-05,9.60326828235472e-05,0.0,3.9825e-07,3.9825e-07,0.0,0.003414495389281678,0.003414495389281678,0.0
292,0,l3,35968.0,22080.0,13888.0,8673204.107463516,5324297.895151092,3348906.2123124255,0.00010038430679934626,6.16238182309154e-05,3.876048856843085e-05,4.162962962962963e-07,2.5555555555555553e-07,1.6074074074074075e-07,0.00642459563515816,0.003943924366778586,0.0024806712683795745
292,0,gti,19116.0,19116.0,0.0,4609568.775530266,4609568.775530266,0.0,2.667574522876311e-05,5.335149045752622e-05,0.0,2.2125e-07,2.2125e-07,0.0,0.003414495389281678,0.003414495389281678,0.0
292,0,llc,19116.0,19116.0,0.0,4609568.775530266,4609568.775530266,0.0,2.667574522876311e-05,5.335149045752622e-05,0.0,2.2125e-07,2.2125e-07,0.0,0.003414495389281678,0.003414495389281678,0.0
292,0,dram,19116.0,19116.0,0.0,4609568.775530266,4609568.775530266,0.0,9.60326828235472e-05,9.60326828235472e-05,0.0,3.9825e-07,3.9825e-07,0.0,0.003414495389281678,0.003414495389281678,0.0
293,0,l3,32640.0,20032.0,12608.0,7870701.236310309,4830449.974441425,3040251.261868884,9.109607912396191e-05,5.590798581529427e-05,3.518809330866764e-05,3.7777777777777775e-07,2.3185185185185184e-07,1.4592592592592594e-07,0.005830149063933562,0.0035781110921788333,0.002252037971754729
293,0,gti,18433.0,18433.0,0.0,4444872.423067032,4444872.423067032,0.0,2.572264133719347e-05,5.144528267438694e-05,0.0,2.133449074074074e-07,2.133449074074074e-07,0.0,0.0032924980911607647,0.0032924980911607647,0.0
293,0,llc,18433.0,18433.0,0.0,4444872.423067032,4444872.423067032,0.0,2.572264133719347e-05,5.144528267438694e-05,0.0,2.133449074074074e-07,2.133449074074074e-07,0.0,0.0032924980911607647,0.0032924980911607647,0.0
293,0,dram,18433.0,18433.0,0.0,4444872.423067032,4444872.423067032,0.0,9.26015088138965e-05,9.26015088138965e-05,0.0,3.840208333333333e-07,3.840208333333333e-07,0.0,0.0032924980911607647,0.0032924980911607647,0.0
31,0,l3,20736.0,12736.0,8000.0,5000210.197185373,3071116.756913238,1929093.4402721345,5.787280320816403e-05,3.554533283464396e-05,2.2327470373520077e-05,2.4e-07,1.474074074074074e-07,9.259259259259259e-08,0.0037038594053224985,0.0022749013014172134,0.001428958103905285
31,0,gti,12971.0,12971.0,0.0,3127783.876721232,3127783.876721232,0.0,1.8100601138433055e-05,3.620120227686611e-05,0.0,1.501273148148148e-07,1.501273148148148e-07,0.0,0.0023168769457194314,0.0023168769457194314,0.0
31,0,llc,12971.0,12971.0,0.0,3127783.876721232,3127783.876721232,0.0,1.8100601138433055e-05,3.620120227686611e-05,0.0,1.501273148148148e-07,1.501273148148148e-07,0.0,0.0023168769457194314,0.0023168769457194314,0.0
31,0,dram,12971.0,12971.0,0.0,3127783.876721232,3127783.876721232,0.0,6.5162164098359e-05,6.5162164098359e-05,0.0,2.7022916666666665e-07,2.7022916666666665e-07,0.0,0.0023168769457194314,0.0023168769457194314,0.0
27,0,l3,2560.0,1792.0,768.0,617309.900887083,432116.93062095816,185192.9702661249,7.144790519526424e-06,5.0013533636684975e-06,2.1434371558579274e-06,2.962962962962963e-08,2.074074074074074e-08,8.888888888888889e-09,0.00045726659324969113,0.00032008661527478384,0.00013717997797490735
27,0,gti,683.0000000000001,683.0000000000001,0.0,164696.35246323352,164696.35246323352,0.0,9.531038915696384e-07,1.9062077831392768e-06,0.0,7.905092592592594e-09,7.905092592592594e-09,0.0,0.00012199729812091372,0.00012199729812091372,0.0
27,0,llc,683.0000000000001,683.0000000000001,0.0,164696.35246323352,164696.35246323352,0.0,9.531038915696384e-07,1.9062077831392768e-06,0.0,7.905092592592594e-09,7.905092592592594e-09,0.0,0.00012199729812091372,0.00012199729812091372,0.0
27,0,dram,683.0,683.0,0.0,164696.3524632335,164696.3524632335,0.0,3.4311740096506974e-06,3.4311740096506974e-06,0.0,1.4229166666666666e-08,1.4229166666666666e-08,0.0,0.0001219972981209137,0.0001219972981209137,0.0
69,0,l3,800064.0,400128.0,399936.0,33721776.63295161,16864934.6059686,16856842.02698301,6.504972344319369e-05,3.253266706398264e-05,3.2517056379211054e-05,1.5433333333333333e-06,7.718518518518518e-07,7.714814814814815e-07,0.024979093802186377,0.012492544152569333,0.012486549649617045
69,0,gti,683.0,683.0,0.0,28787.663787279453,28787.663787279453,0.0,8.329763827337805e-08,1.665952765467561e-07,0.0,3.952546296296296e-09,3.952546296296296e-09,0.0,2.132419539798478e-05,2.132419539798478e-05,0.0
69,0,llc,683.0,683.0,0.0,28787.663787279453,28787.663787279453,0.0,8.329763827337805e-08,1.665952765467561e-07,0.0,3.952546296296296e-09,3.952546296296296e-09,0.0,2.132419539798478e-05,2.132419539798478e-05,0.0
69,0,dram,683.0,683.0,0.0,28787.663787279453,28787.663787279453,0.0,5.997429955683219e-07,5.997429955683219e-07,0.0,1.4229166666666666e-08,1.4229166666666666e-08,0.0,2.132419539798478e-05,2.132419539798478e-05,0.0
246,0,l3,256.0,128.0,128.0,10790.105314119386,5395.052657059693,5395.052657059693,2.081424636211301e-08,1.0407123181056505e-08,1.0407123181056505e-08,4.938271604938271e-10,2.4691358024691357e-10,2.4691358024691357e-10,7.992670603051397e-06,3.9963353015256985e-06,3.9963353015256985e-06
246,0,gti,683.0,683.0,0.0,28787.663787279453,28787.663787279453,0.0,8.329763827337805e-08,1.665952765467561e-07,0.0,3.952546296296296e-09,3.952546296296296e-09,0.0,2.132419539798478e-05,2.132419539798478e-05,0.0
246,0,llc,683.0,683.0,0.0,28787.663787279453,28787.663787279453,0.0,8.329763827337805e-08,1.665952765467561e-07,0.0,3.952546296296296e-09,3.952546296296296e-09,0.0,2.132419539798478e-05,2.132419539798478e-05,0.0
246,0,dram,683.0,683.0,0.0,28787.663787279453,28787.663787279453,0.0,5.997429955683219e-07,5.997429955683219e-07,0.0,1.4229166666666666e-08,1.4229166666666666e-08,0.0,2.132419539798478e-05,2.132419539798478e-05,0.0
70,0,l3,256.0,128.0,128.0,10790.105314119386,5395.052657059693,5395.052657059693,2.081424636211301e-08,1.0407123181056505e-08,1.0407123181056505e-08,4.938271604938271e-10,2.4691358024691357e-10,2.4691358024691357e-10,7.992670603051397e-06,3.9963353015256985e-06,3.9963353015256985e-06
70,0,gti,683.0,683.0,0.0,28787.663787279453,28787.663787279453,0.0,8.329763827337805e-08,1.665952765467561e-07,0.0,3.952546296296296e-09,3.952546296296296e-09,0.0,2.132419539798478e-05,2.132419539798478e-05,0.0
70,0,llc,683.0,683.0,0.0,28787.663787279453,28787.663787279453,0.0,8.329763827337805e-08,1.665952765467561e-07,0.0,3.952546296296296e-09,3.952546296296296e-09,0.0,2.132419539798478e-05,2.132419539798478e-05,0.0
70,0,dram,683.0,683.0,0.0,28787.663787279453,28787.663787279453,0.0,5.997429955683219e-07,5.997429955683219e-07,0.0,1.4229166666666666e-08,1.4229166666666666e-08,0.0,2.132419539798478e-05,2.132419539798478e-05,0.0
109,0,l3,128.0,64.0,64.0,5395.052657059693,2697.5263285298465,2697.5263285298465,1.0407123181056505e-08,5.2035615905282524e-09,5.2035615905282524e-09,2.4691358024691357e-10,1.2345679012345679e-10,1.2345679012345679e-10,3.9963353015256985e-06,1.9981676507628493e-06,1.9981676507628493e-06
109,0,gti,683.0,683.0,0.0,28787.663787279453,28787.663787279453,0.0,8.329763827337805e-08,1.665952765467561e-07,0.0,3.952546296296296e-09,3.952546296296296e-09,0.0,2.132419539798478e-05,2.132419539798478e-05,0.0
109,0,llc,683.0,683.0,0.0,28787.663787279453,28787.663787279453,0.0,8.329763827337805e-08,1.665952765467561e-07,0.0,3.952546296296296e-09,3.952546296296296e-09,0.0,2.132419539798478e-05,2.132419539798478e-05,0.0
109,0,dram,683.0,683.0,0.0,28787.663787279453,28787.663787279453,0.0,5.997429955683219e-07,5.997429955683219e-07,0.0,1.4229166666666666e-08,1.4229166666666666e-08,0.0,2.132419539798478e-05,2.132419539798478e-05,0.0
110,0,l3,128.0,64.0,64.0,5395.052657059693,2697.5263285298465,2697.5263285298465,1.0407123181056505e-08,5.2035615905282524e-09,5.2035615905282524e-09,2.4691358024691357e-10,1.2345679012345679e-10,1.2345679012345679e-10,3.9963353015256985e-06,1.9981676507628493e-06,1.9981676507628493e-06
110,0,gti,0.0,0.0,0.0,0.0,0.0,0.0,0.0,0.0,0.0,0.0,0.0,0.0,0.0,0.0,0.0
110,0,llc,0.0,0.0,0.0,0.0,0.0,0.0,0.0,0.0,0.0,0.0,0.0,0.0,0.0,0.0,0.0
110,0,dram,0.0,0.0,0.0,0.0,0.0,0.0,0.0,0.0,0.0,0.0,0.0,0.0,0.0,0.0,0.0
90,0,l3,0,0,0,0.0,0.0,0.0,0.0,0.0,0.0,0.0,0.0,0.0,0.0,0.0,0.0
90,0,gti,0,0,0,0.0,0.0,0.0,0.0,0.0,0.0,0.0,0.0,0.0,0.0,0.0,0.0
90,0,llc,0,0,0,0.0,0.0,0.0,0.0,0.0,0.0,0.0,0.0,0.0,0.0,0.0,0.0
90,0,dram,0,0,0,0.0,0.0,0.0,0.0,0.0,0.0,0.0,0.0,0.0,0.0,0.0,0.0
71,0,l3,0,0,0,0.0,0.0,0.0,0.0,0.0,0.0,0.0,0.0,0.0,0.0,0.0,0.0
71,0,gti,0,0,0,0.0,0.0,0.0,0.0,0.0,0.0,0.0,0.0,0.0,0.0,0.0,0.0
71,0,llc,0,0,0,0.0,0.0,0.0,0.0,0.0,0.0,0.0,0.0,0.0,0.0,0.0,0.0
71,0,dram,0,0,0,0.0,0.0,0.0,0.0,0.0,0.0,0.0,0.0,0.0,0.0,0.0,0.0
